-- MySQL dump 10.13  Distrib 5.5.62, for Win64 (AMD64)
--
-- Host: localhost    Database: challenge_full_stack
-- ------------------------------------------------------
-- Server version	5.5.5-10.4.24-MariaDB

/*!40101 SET @OLD_CHARACTER_SET_CLIENT=@@CHARACTER_SET_CLIENT */;
/*!40101 SET @OLD_CHARACTER_SET_RESULTS=@@CHARACTER_SET_RESULTS */;
/*!40101 SET @OLD_COLLATION_CONNECTION=@@COLLATION_CONNECTION */;
/*!40101 SET NAMES utf8 */;
/*!40103 SET @OLD_TIME_ZONE=@@TIME_ZONE */;
/*!40103 SET TIME_ZONE='+00:00' */;
/*!40014 SET @OLD_UNIQUE_CHECKS=@@UNIQUE_CHECKS, UNIQUE_CHECKS=0 */;
/*!40014 SET @OLD_FOREIGN_KEY_CHECKS=@@FOREIGN_KEY_CHECKS, FOREIGN_KEY_CHECKS=0 */;
/*!40101 SET @OLD_SQL_MODE=@@SQL_MODE, SQL_MODE='NO_AUTO_VALUE_ON_ZERO' */;
/*!40111 SET @OLD_SQL_NOTES=@@SQL_NOTES, SQL_NOTES=0 */;

--
-- Table structure for table `categories_expenses`
--
DROP DATABASE IF EXISTS challenge_full_stack;
CREATE DATABASE IF NOT EXISTS challenge_full_stack;
 
DROP TABLE IF EXISTS `categories_expenses`;
/*!40101 SET @saved_cs_client     = @@character_set_client */;
/*!40101 SET character_set_client = utf8 */;
CREATE TABLE `categories_expenses` (
  `id` int(11) NOT NULL AUTO_INCREMENT,
  `category` varchar(100) DEFAULT NULL,
  `createdAt` datetime NOT NULL,
  `updatedAt` datetime NOT NULL,
  PRIMARY KEY (`id`)
) ENGINE=InnoDB AUTO_INCREMENT=17 DEFAULT CHARSET=utf8mb4;
/*!40101 SET character_set_client = @saved_cs_client */;

--
-- Dumping data for table `categories_expenses`
--

LOCK TABLES `categories_expenses` WRITE;
/*!40000 ALTER TABLE `categories_expenses` DISABLE KEYS */;
INSERT INTO `categories_expenses` VALUES (1,'Alquiler','0000-00-00 00:00:00','0000-00-00 00:00:00'),(2,'Electricidad','0000-00-00 00:00:00','0000-00-00 00:00:00'),(3,'Gas','0000-00-00 00:00:00','0000-00-00 00:00:00'),(4,'Teléfono Móvil','0000-00-00 00:00:00','0000-00-00 00:00:00'),(5,'Tarjeta de Crédito','0000-00-00 00:00:00','0000-00-00 00:00:00'),(6,'Préstamo','0000-00-00 00:00:00','0000-00-00 00:00:00'),(7,'Alquiler','0000-00-00 00:00:00','0000-00-00 00:00:00'),(8,'Cine','0000-00-00 00:00:00','0000-00-00 00:00:00'),(9,'Ahorros imperativos','0000-00-00 00:00:00','0000-00-00 00:00:00'),(10,'Expensas','0000-00-00 00:00:00','0000-00-00 00:00:00'),(11,'Vacaciones','0000-00-00 00:00:00','0000-00-00 00:00:00'),(12,'Ahorro para vacaciones','0000-00-00 00:00:00','0000-00-00 00:00:00'),(13,'Ahorro para fiesta','0000-00-00 00:00:00','0000-00-00 00:00:00'),(14,'Cable','0000-00-00 00:00:00','0000-00-00 00:00:00'),(15,'Cuota','0000-00-00 00:00:00','0000-00-00 00:00:00'),(16,'Varios','0000-00-00 00:00:00','0000-00-00 00:00:00');
/*!40000 ALTER TABLE `categories_expenses` ENABLE KEYS */;
UNLOCK TABLES;

--
-- Table structure for table `categories_incomes`
--

DROP TABLE IF EXISTS `categories_incomes`;
/*!40101 SET @saved_cs_client     = @@character_set_client */;
/*!40101 SET character_set_client = utf8 */;
CREATE TABLE `categories_incomes` (
  `id` int(11) NOT NULL AUTO_INCREMENT,
  `category` varchar(255) DEFAULT NULL,
  `createdAt` datetime NOT NULL,
  `updatedAt` datetime NOT NULL,
  PRIMARY KEY (`id`)
) ENGINE=InnoDB AUTO_INCREMENT=5 DEFAULT CHARSET=utf8mb4;
/*!40101 SET character_set_client = @saved_cs_client */;

--
-- Dumping data for table `categories_incomes`
--

LOCK TABLES `categories_incomes` WRITE;
/*!40000 ALTER TABLE `categories_incomes` DISABLE KEYS */;
INSERT INTO `categories_incomes` VALUES (1,'Trabajo','0000-00-00 00:00:00','0000-00-00 00:00:00'),(2,'Trabajo temporaneo','0000-00-00 00:00:00','0000-00-00 00:00:00'),(3,'Horas extras','0000-00-00 00:00:00','0000-00-00 00:00:00'),(4,'Favor','0000-00-00 00:00:00','0000-00-00 00:00:00');
/*!40000 ALTER TABLE `categories_incomes` ENABLE KEYS */;
UNLOCK TABLES;

--
-- Table structure for table `expense_types`
--

DROP TABLE IF EXISTS `expense_types`;
/*!40101 SET @saved_cs_client     = @@character_set_client */;
/*!40101 SET character_set_client = utf8 */;
CREATE TABLE `expense_types` (
  `id` int(11) NOT NULL AUTO_INCREMENT,
  `type` varchar(50) DEFAULT NULL,
  `createdAt` datetime NOT NULL,
  `updatedAt` datetime NOT NULL,
  PRIMARY KEY (`id`)
) ENGINE=InnoDB AUTO_INCREMENT=4 DEFAULT CHARSET=utf8mb4;
/*!40101 SET character_set_client = @saved_cs_client */;

--
-- Dumping data for table `expense_types`
--

LOCK TABLES `expense_types` WRITE;
/*!40000 ALTER TABLE `expense_types` DISABLE KEYS */;
INSERT INTO `expense_types` VALUES (1,'Gasto fijo','0000-00-00 00:00:00','0000-00-00 00:00:00'),(2,'Gasto flexible','0000-00-00 00:00:00','0000-00-00 00:00:00'),(3,'Ahorro','0000-00-00 00:00:00','0000-00-00 00:00:00');
/*!40000 ALTER TABLE `expense_types` ENABLE KEYS */;
UNLOCK TABLES;

--
-- Table structure for table `fixed_incomes`
--

DROP TABLE IF EXISTS `fixed_incomes`;
/*!40101 SET @saved_cs_client     = @@character_set_client */;
/*!40101 SET character_set_client = utf8 */;
CREATE TABLE `fixed_incomes` (
  `id` int(11) NOT NULL AUTO_INCREMENT,
  `user_id` int(11) DEFAULT NULL,
  `fixed_income` double DEFAULT NULL,
  `category_inc_id` int(11) DEFAULT NULL,
  `description` varchar(25) DEFAULT NULL,
  `createdAt` datetime NOT NULL,
  `updatedAt` datetime NOT NULL,
  PRIMARY KEY (`id`),
  KEY `user_id` (`user_id`),
  KEY `category_inc_id` (`category_inc_id`),
  CONSTRAINT `fixed_incomes_ibfk_1` FOREIGN KEY (`user_id`) REFERENCES `users` (`id`),
  CONSTRAINT `fixed_incomes_ibfk_2` FOREIGN KEY (`category_inc_id`) REFERENCES `categories_incomes` (`id`)
) ENGINE=InnoDB AUTO_INCREMENT=46 DEFAULT CHARSET=utf8mb4;
/*!40101 SET character_set_client = @saved_cs_client */;

--
-- Dumping data for table `fixed_incomes`
--

LOCK TABLES `fixed_incomes` WRITE;
/*!40000 ALTER TABLE `fixed_incomes` DISABLE KEYS */;
INSERT INTO `fixed_incomes` VALUES (1,1,76355,4,'Personal history of (corr','2022-03-21 00:00:00','2022-03-07 00:00:00'),(2,2,198554,1,'Passenger in hv veh injur','2022-04-17 00:00:00','2022-03-24 00:00:00'),(3,3,39747,4,'Unspecified abnormal find','2022-03-20 00:00:00','2022-04-21 00:00:00'),(4,4,148270,1,'Nontraumatic subarachnoid','2022-04-05 00:00:00','2022-02-18 00:00:00'),(5,5,198537,3,'Nondisp oblique fx shaft ','2022-02-13 00:00:00','2022-04-14 00:00:00'),(6,6,190169,1,'Toxic effect of organic s','2022-03-25 00:00:00','2022-03-29 00:00:00'),(7,7,184923,1,'Corros first deg mult fin','2022-02-12 00:00:00','2022-04-02 00:00:00'),(8,8,192153,2,'Poisoning by oth antacids','2022-03-26 00:00:00','2022-04-01 00:00:00'),(9,9,177595,4,'Punctate keratitis, left ','2022-02-12 00:00:00','2022-04-06 00:00:00'),(10,10,136245,4,'Nondisp fx of olecran pro','2022-02-25 00:00:00','2022-02-21 00:00:00'),(11,11,186726,1,'Contusion of unspecified ','2022-04-11 00:00:00','2022-02-10 00:00:00'),(12,12,112243,3,'Enteropathic arthropathie','2022-03-03 00:00:00','2022-03-06 00:00:00'),(13,13,56607,4,'Laceration w fb of l idx ','2022-03-02 00:00:00','2022-02-25 00:00:00'),(14,14,30203,4,'Benign neuroendocrine tum','2022-03-08 00:00:00','2022-02-16 00:00:00'),(15,15,124399,4,'Corros w resulting ruptur','2022-02-23 00:00:00','2022-02-18 00:00:00'),(16,16,70884,2,'Disp fx of less trochante','2022-04-14 00:00:00','2022-03-09 00:00:00'),(17,17,41320,4,'Burn due to fishing boat ','2022-02-25 00:00:00','2022-04-19 00:00:00'),(18,18,151437,1,'Toxic effect of benzene, ','2022-03-26 00:00:00','2022-02-26 00:00:00'),(19,19,80922,4,'Explosion and rupture of ','2022-04-15 00:00:00','2022-02-19 00:00:00'),(20,20,142928,1,'Medial subluxation of uns','2022-03-22 00:00:00','2022-04-09 00:00:00'),(21,21,36014,4,'Effusion, right elbow','2022-03-22 00:00:00','2022-04-20 00:00:00'),(22,22,58432,4,'Oth traum nondisp spondyl','2022-03-24 00:00:00','2022-03-07 00:00:00'),(23,23,122766,2,'Unsp trochan fx l femr, 7','2022-02-21 00:00:00','2022-04-11 00:00:00'),(24,24,69530,3,'Generalized contraction o','2022-02-05 00:00:00','2022-03-06 00:00:00'),(25,25,98618,1,'Unsp injury of great saph','2022-03-07 00:00:00','2022-03-12 00:00:00'),(26,26,146277,4,'Displ seg fx shaft of hum','2022-03-16 00:00:00','2022-03-06 00:00:00'),(27,27,147964,3,'External constriction of ','2022-04-13 00:00:00','2022-03-20 00:00:00'),(28,28,63986,4,'Supraglottitis, unspecifi','2022-03-29 00:00:00','2022-03-26 00:00:00'),(29,29,64526,1,'Unsp injury at C6 level o','2022-03-21 00:00:00','2022-04-02 00:00:00'),(30,30,72338,2,'Wedge comprsn fx unsp lum','2022-02-20 00:00:00','2022-03-20 00:00:00'),(31,31,166377,4,'Juvenile osteochondrosis ','2022-03-21 00:00:00','2022-04-20 00:00:00'),(32,32,159294,1,'Complete lesion at T1 lev','2022-04-10 00:00:00','2022-04-13 00:00:00'),(33,33,111327,4,'Acute bronchiolitis due t','2022-03-19 00:00:00','2022-02-15 00:00:00'),(34,34,134971,1,'Unsp soft tissue disord r','2022-04-15 00:00:00','2022-04-12 00:00:00'),(35,35,92554,4,'Poisoning by MAO inhib an','2022-03-17 00:00:00','2022-03-21 00:00:00'),(36,36,185446,2,'Disp fx of med condyle of','2022-03-29 00:00:00','2022-03-05 00:00:00'),(37,37,191483,4,'Contusion of right forear','2022-03-11 00:00:00','2022-04-14 00:00:00'),(38,38,193209,2,'Corrosion of third degree','2022-02-11 00:00:00','2022-02-12 00:00:00'),(39,39,119036,4,'Optic nerve hypoplasia, r','2022-03-20 00:00:00','2022-04-04 00:00:00'),(40,40,159278,4,'Displ longitud fx unsp pa','2022-04-05 00:00:00','2022-04-21 00:00:00'),(41,41,72917,1,'Lacerat flexor musc/fasc/','2022-02-21 00:00:00','2022-03-23 00:00:00'),(42,42,141677,4,'Other dislocation of righ','2022-03-26 00:00:00','2022-03-01 00:00:00'),(43,43,131552,2,'Superficial frostbite of ','2022-03-06 00:00:00','2022-02-26 00:00:00'),(44,44,116817,2,'Poisoning by cannabis (de','2022-03-18 00:00:00','2022-03-06 00:00:00'),(45,45,154289,3,'Poisoning by oth fibrin-a','2022-03-24 00:00:00','2022-04-05 00:00:00');
/*!40000 ALTER TABLE `fixed_incomes` ENABLE KEYS */;
UNLOCK TABLES;

--
-- Table structure for table `income_expenses`
--

DROP TABLE IF EXISTS `income_expenses`;
/*!40101 SET @saved_cs_client     = @@character_set_client */;
/*!40101 SET character_set_client = utf8 */;
CREATE TABLE `income_expenses` (
  `id` int(11) NOT NULL AUTO_INCREMENT,
  `user_id` int(11) DEFAULT NULL,
  `amountExpense` double DEFAULT NULL,
  `type_id` int(11) DEFAULT NULL,
  `category_exp_id` int(11) DEFAULT NULL,
  `amountIncome` double DEFAULT NULL,
  `category_inc_id` int(11) DEFAULT NULL,
  `description` varchar(100) DEFAULT NULL,
  `createdAt` datetime NOT NULL,
  `updatedAt` datetime NOT NULL,
  PRIMARY KEY (`id`),
  KEY `user_id` (`user_id`),
  KEY `type_id` (`type_id`),
  KEY `category_exp_id` (`category_exp_id`),
  KEY `category_inc_id` (`category_inc_id`),
  CONSTRAINT `income_expenses_ibfk_1` FOREIGN KEY (`user_id`) REFERENCES `users` (`id`),
  CONSTRAINT `income_expenses_ibfk_2` FOREIGN KEY (`type_id`) REFERENCES `expense_types` (`id`),
  CONSTRAINT `income_expenses_ibfk_3` FOREIGN KEY (`category_exp_id`) REFERENCES `categories_expenses` (`id`),
  CONSTRAINT `income_expenses_ibfk_4` FOREIGN KEY (`category_inc_id`) REFERENCES `categories_incomes` (`id`)
) ENGINE=InnoDB AUTO_INCREMENT=501 DEFAULT CHARSET=utf8mb4;
/*!40101 SET character_set_client = @saved_cs_client */;

--
-- Dumping data for table `income_expenses`
--

LOCK TABLES `income_expenses` WRITE;
/*!40000 ALTER TABLE `income_expenses` DISABLE KEYS */;
INSERT INTO `income_expenses` VALUES (1,39,562,1,5,NULL,NULL,'Research Associate','2022-04-03 00:00:00','2022-05-03 08:07:14'),(2,46,807,1,11,NULL,NULL,'Nurse','2022-04-03 00:00:00','2022-05-03 08:07:14'),(3,30,587,2,7,NULL,NULL,'Food Chemist','2022-04-16 00:00:00','2022-05-03 08:07:14'),(4,7,749,1,12,NULL,NULL,'Developer I','2022-03-12 00:00:00','2022-05-03 08:07:14'),(5,13,20,1,8,NULL,NULL,'Statistician III','2022-03-17 00:00:00','2022-05-03 08:07:14'),(6,43,659,2,2,NULL,NULL,'Recruiting Manager','2022-02-27 00:00:00','2022-05-03 08:07:14'),(7,17,871,1,7,NULL,NULL,'Mechanical Systems Engineer','2022-04-19 00:00:00','2022-05-03 08:07:14'),(8,9,427,3,9,NULL,NULL,'Desktop Support Technician','2022-03-12 00:00:00','2022-05-03 08:07:14'),(9,31,796,2,4,NULL,NULL,'Geologist I','2022-03-19 00:00:00','2022-05-03 08:07:14'),(10,38,977,3,8,NULL,NULL,'Marketing Assistant','2022-04-29 00:00:00','2022-05-03 08:07:14'),(11,34,3600,2,2,NULL,NULL,'Assistant Mana','2022-04-05 00:00:00','2022-05-04 05:46:40'),(12,25,88,3,6,NULL,NULL,'Statistician III','2022-03-01 00:00:00','2022-05-03 08:07:14'),(13,39,748,3,11,NULL,NULL,'Automation Specialist I','2022-04-19 00:00:00','2022-05-03 08:07:14'),(14,43,302,2,7,NULL,NULL,'Media Manager III','2022-02-16 00:00:00','2022-05-03 08:07:14'),(15,36,451,1,2,NULL,NULL,'Director of Sales','2022-02-20 00:00:00','2022-05-03 08:07:14'),(16,6,464,3,11,NULL,NULL,'Biostatistician II','2022-03-18 00:00:00','2022-05-03 08:07:14'),(17,19,154,3,16,NULL,NULL,'Staff Scientist','2022-04-18 00:00:00','2022-05-03 08:07:14'),(18,50,575,1,6,NULL,NULL,'Legal Assistant','2022-04-17 00:00:00','2022-05-03 08:07:14'),(19,23,709,2,1,NULL,NULL,'Internal Auditor','2022-04-24 00:00:00','2022-05-03 08:07:14'),(20,33,320,1,8,NULL,NULL,'Geologist II','2022-04-05 00:00:00','2022-05-03 08:07:14'),(21,24,248,2,5,NULL,NULL,'Sales Associate','2022-02-25 00:00:00','2022-05-03 08:07:14'),(22,50,50,2,3,NULL,NULL,'Software Engineer III','2022-04-12 00:00:00','2022-05-03 08:07:14'),(23,15,246,3,9,NULL,NULL,'Sales Representative','2022-04-11 00:00:00','2022-05-03 08:07:14'),(24,42,526,3,11,NULL,NULL,'Systems Administrator III','2022-04-15 00:00:00','2022-05-03 08:07:14'),(25,40,736,3,9,NULL,NULL,'Account Representative IV','2022-03-18 00:00:00','2022-05-03 08:07:14'),(26,42,801,3,11,NULL,NULL,'Research Nurse','2022-03-25 00:00:00','2022-05-03 08:07:14'),(27,8,767,2,1,NULL,NULL,'Budget/Accounting Analyst II','2022-04-22 00:00:00','2022-05-03 08:07:14'),(28,36,470,1,3,NULL,NULL,'Senior Quality Engineer','2022-02-15 00:00:00','2022-05-03 08:07:14'),(29,16,743,3,7,NULL,NULL,'Computer Systems Analyst I','2022-03-05 00:00:00','2022-05-03 08:07:14'),(30,44,492,3,13,NULL,NULL,'General Manager','2022-02-17 00:00:00','2022-05-03 08:07:14'),(31,6,356,1,9,NULL,NULL,'Chief Design Engineer','2022-02-23 00:00:00','2022-05-03 08:07:14'),(32,28,179,1,2,NULL,NULL,'Senior Cost Accountant','2022-04-05 00:00:00','2022-05-03 08:07:14'),(33,29,724,3,10,NULL,NULL,'Analog Circuit Design manager','2022-04-30 00:00:00','2022-05-03 08:07:14'),(34,48,710,1,8,NULL,NULL,'Staff Scientist','2022-04-13 00:00:00','2022-05-03 08:07:14'),(35,4,658,2,10,NULL,NULL,'Cost Accountant','2022-02-19 00:00:00','2022-05-03 08:07:14'),(36,11,489,1,4,NULL,NULL,'Accounting Assistant I','2022-02-23 00:00:00','2022-05-03 08:07:14'),(37,34,48,3,3,NULL,NULL,'Database Administrator II','2022-02-17 00:00:00','2022-05-03 08:07:14'),(38,24,68,3,8,NULL,NULL,'Administrative Officer','2022-03-12 00:00:00','2022-05-03 08:07:14'),(39,39,961,2,11,NULL,NULL,'Computer Systems Analyst II','2022-02-18 00:00:00','2022-05-03 08:07:14'),(40,42,832,3,14,NULL,NULL,'Software Test Engineer II','2022-02-21 00:00:00','2022-05-03 08:07:14'),(41,9,192,3,11,NULL,NULL,'Human Resources Assistant IV','2022-03-08 00:00:00','2022-05-03 08:07:14'),(42,18,179,1,4,NULL,NULL,'Statistician II','2022-03-02 00:00:00','2022-05-03 08:07:14'),(43,26,570,2,6,NULL,NULL,'Engineer II','2022-03-01 00:00:00','2022-05-03 08:07:14'),(44,9,584,3,7,NULL,NULL,'Accounting Assistant I','2022-04-26 00:00:00','2022-05-03 08:07:14'),(45,11,856,3,11,NULL,NULL,'Automation Specialist II','2022-04-04 00:00:00','2022-05-03 08:07:14'),(46,7,810,3,4,NULL,NULL,'VP Sales','2022-03-31 00:00:00','2022-05-03 08:07:14'),(47,20,222,2,1,NULL,NULL,'Biostatistician II','2022-04-21 00:00:00','2022-05-03 08:07:14'),(48,25,249,3,1,NULL,NULL,'Tax Accountant','2022-04-28 00:00:00','2022-05-03 08:07:14'),(49,6,18,1,9,NULL,NULL,'Operator','2022-02-18 00:00:00','2022-05-03 08:07:14'),(50,13,80,1,7,NULL,NULL,'Librarian','2022-04-23 00:00:00','2022-05-03 08:07:14'),(51,15,861,3,16,NULL,NULL,'Developer II','2022-02-21 00:00:00','2022-05-03 08:07:14'),(52,44,935,1,2,NULL,NULL,'Senior Cost Accountant','2022-04-04 00:00:00','2022-05-03 08:07:14'),(53,1,551,1,13,NULL,NULL,'Software Engineer I','2022-03-18 00:00:00','2022-05-03 08:07:14'),(54,30,407,3,8,NULL,NULL,'Community Outreach Specialist','2022-04-15 00:00:00','2022-05-03 08:07:14'),(55,17,705,2,4,NULL,NULL,'Accountant II','2022-03-13 00:00:00','2022-05-03 08:07:14'),(56,21,646,2,1,NULL,NULL,'Media Manager III','2022-02-18 00:00:00','2022-05-03 08:07:14'),(57,10,990,1,14,NULL,NULL,'Occupational Therapist','2022-04-03 00:00:00','2022-05-03 08:07:14'),(58,17,96,3,4,NULL,NULL,'Project Manager','2022-03-29 00:00:00','2022-05-03 08:07:14'),(59,1,538,1,1,NULL,NULL,'Business Systems Development Analyst','2022-04-17 00:00:00','2022-05-03 08:07:14'),(60,26,309,3,1,NULL,NULL,'Compensation Analyst','2022-04-18 00:00:00','2022-05-03 08:07:14'),(61,13,798,3,9,NULL,NULL,'Clinical Specialist','2022-04-04 00:00:00','2022-05-03 08:07:14'),(62,19,513,1,3,NULL,NULL,'Help Desk Technician','2022-03-23 00:00:00','2022-05-03 08:07:14'),(63,38,820,2,1,NULL,NULL,'Geologist III','2022-03-19 00:00:00','2022-05-03 08:07:14'),(64,10,539,1,1,NULL,NULL,'Social Worker','2022-04-04 00:00:00','2022-05-03 08:07:14'),(65,1,540,3,12,NULL,NULL,'Operator','2022-03-18 00:00:00','2022-05-03 08:07:14'),(66,27,322,3,4,NULL,NULL,'Staff Accountant IV','2022-03-20 00:00:00','2022-05-03 08:07:14'),(67,45,968,2,12,NULL,NULL,'Graphic Designer','2022-02-18 00:00:00','2022-05-03 08:07:14'),(68,10,915,3,3,NULL,NULL,'Financial Analyst','2022-03-17 00:00:00','2022-05-03 08:07:14'),(69,30,325,3,7,NULL,NULL,'Occupational Therapist','2022-04-05 00:00:00','2022-05-03 08:07:14'),(70,20,726,2,10,NULL,NULL,'Biostatistician III','2022-03-27 00:00:00','2022-05-03 08:07:14'),(71,47,378,1,4,NULL,NULL,'Help Desk Operator','2022-04-14 00:00:00','2022-05-03 08:07:14'),(72,7,694,3,6,NULL,NULL,'Professor','2022-04-11 00:00:00','2022-05-03 08:07:14'),(73,43,749,3,11,NULL,NULL,'Geological Engineer','2022-03-06 00:00:00','2022-05-03 08:07:14'),(74,44,871,3,16,NULL,NULL,'Project Manager','2022-04-25 00:00:00','2022-05-03 08:07:14'),(75,22,624,2,15,NULL,NULL,'VP Sales','2022-03-01 00:00:00','2022-05-03 08:07:14'),(76,47,42,1,4,NULL,NULL,'Geological Engineer','2022-03-15 00:00:00','2022-05-03 08:07:14'),(77,17,823,3,4,NULL,NULL,'Speech Pathologist','2022-04-19 00:00:00','2022-05-03 08:07:14'),(78,6,647,1,13,NULL,NULL,'Nurse Practicioner','2022-03-05 00:00:00','2022-05-03 08:07:14'),(79,25,161,1,4,NULL,NULL,'Recruiting Manager','2022-04-12 00:00:00','2022-05-03 08:07:14'),(80,15,263,3,14,NULL,NULL,'Structural Engineer','2022-02-25 00:00:00','2022-05-03 08:07:14'),(81,23,955,1,1,NULL,NULL,'Safety Technician I','2022-03-10 00:00:00','2022-05-03 08:07:14'),(82,50,578,3,16,NULL,NULL,'Accountant III','2022-04-25 00:00:00','2022-05-03 08:07:14'),(83,18,238,2,10,NULL,NULL,'Mechanical Systems Engineer','2022-03-30 00:00:00','2022-05-03 08:07:14'),(84,25,626,1,15,NULL,NULL,'Budget/Accounting Analyst III','2022-03-01 00:00:00','2022-05-03 08:07:14'),(85,28,822,2,13,NULL,NULL,'Programmer Analyst IV','2022-03-03 00:00:00','2022-05-03 08:07:14'),(86,26,638,2,2,NULL,NULL,'Chemical Engineer','2022-04-21 00:00:00','2022-05-03 08:07:14'),(87,32,990,1,13,NULL,NULL,'Pharmacist','2022-04-30 00:00:00','2022-05-03 08:07:14'),(88,27,708,1,5,NULL,NULL,'Programmer Analyst II','2022-03-17 00:00:00','2022-05-03 08:07:14'),(89,39,283,1,5,NULL,NULL,'Structural Engineer','2022-02-26 00:00:00','2022-05-03 08:07:14'),(90,6,827,2,14,NULL,NULL,'VP Product Management','2022-03-28 00:00:00','2022-05-03 08:07:14'),(91,44,709,2,15,NULL,NULL,'Business Systems Development Analyst','2022-04-03 00:00:00','2022-05-03 08:07:14'),(92,9,987,3,16,NULL,NULL,'Account Executive','2022-03-21 00:00:00','2022-05-03 08:07:14'),(93,7,744,3,5,NULL,NULL,'Information Systems Manager','2022-03-26 00:00:00','2022-05-03 08:07:14'),(94,26,659,2,3,NULL,NULL,'Desktop Support Technician','2022-04-15 00:00:00','2022-05-03 08:07:14'),(95,28,342,3,5,NULL,NULL,'Research Assistant IV','2022-04-29 00:00:00','2022-05-03 08:07:14'),(96,8,436,1,9,NULL,NULL,'Project Manager','2022-03-20 00:00:00','2022-05-03 08:07:14'),(97,2,567,3,5,NULL,NULL,'Associate Professor','2022-04-03 00:00:00','2022-05-03 08:07:14'),(98,42,471,3,1,NULL,NULL,'Human Resources Manager','2022-02-26 00:00:00','2022-05-03 08:07:14'),(99,11,647,1,4,NULL,NULL,'Account Coordinator','2022-02-27 00:00:00','2022-05-03 08:07:14'),(100,13,116,2,7,NULL,NULL,'Physical Therapy Assistant','2022-03-15 00:00:00','2022-05-03 08:07:14'),(101,28,775,3,3,NULL,NULL,'Staff Accountant III','2022-02-15 00:00:00','2022-05-03 08:07:14'),(102,49,309,1,2,NULL,NULL,'Administrative Officer','2022-02-19 00:00:00','2022-05-03 08:07:14'),(103,11,440,1,14,NULL,NULL,'Software Test Engineer III','2022-04-21 00:00:00','2022-05-03 08:07:14'),(104,12,332,3,5,NULL,NULL,'Account Representative III','2022-03-26 00:00:00','2022-05-03 08:07:14'),(105,39,703,1,1,NULL,NULL,'Senior Editor','2022-03-21 00:00:00','2022-05-03 08:07:14'),(106,31,150,3,9,NULL,NULL,'GIS Technical Architect','2022-04-26 00:00:00','2022-05-03 08:07:14'),(107,9,590,2,13,NULL,NULL,'Senior Developer','2022-04-20 00:00:00','2022-05-03 08:07:14'),(108,9,505,3,13,NULL,NULL,'Assistant Media Planner','2022-02-28 00:00:00','2022-05-03 08:07:14'),(109,9,982,2,14,NULL,NULL,'Statistician III','2022-03-13 00:00:00','2022-05-03 08:07:14'),(110,30,659,3,10,NULL,NULL,'Physical Therapy Assistant','2022-03-29 00:00:00','2022-05-03 08:07:14'),(111,20,24,2,9,NULL,NULL,'Developer I','2022-03-28 00:00:00','2022-05-03 08:07:14'),(112,29,574,2,1,NULL,NULL,'Human Resources Manager','2022-02-21 00:00:00','2022-05-03 08:07:14'),(113,38,26,1,1,NULL,NULL,'Marketing Manager','2022-04-15 00:00:00','2022-05-03 08:07:14'),(114,13,150,3,14,NULL,NULL,'Desktop Support Technician','2022-02-27 00:00:00','2022-05-03 08:07:14'),(115,47,915,2,8,NULL,NULL,'Database Administrator IV','2022-03-27 00:00:00','2022-05-03 08:07:14'),(116,21,749,1,1,NULL,NULL,'Computer Systems Analyst III','2022-04-12 00:00:00','2022-05-03 08:07:14'),(117,44,965,2,3,NULL,NULL,'Registered Nurse','2022-03-14 00:00:00','2022-05-03 08:07:14'),(118,9,122,1,5,NULL,NULL,'Assistant Manager','2022-03-12 00:00:00','2022-05-03 08:07:14'),(119,35,607,2,9,NULL,NULL,'Web Developer I','2022-03-03 00:00:00','2022-05-03 08:07:14'),(120,31,338,2,9,NULL,NULL,'Teacher','2022-03-13 00:00:00','2022-05-03 08:07:14'),(121,5,975,2,4,NULL,NULL,'Assistant Professor','2022-03-22 00:00:00','2022-05-03 08:07:14'),(122,46,724,2,15,NULL,NULL,'Speech Pathologist','2022-03-13 00:00:00','2022-05-03 08:07:14'),(123,30,460,3,13,NULL,NULL,'Recruiter','2022-02-27 00:00:00','2022-05-03 08:07:14'),(124,33,483,3,10,NULL,NULL,'Staff Scientist','2022-02-19 00:00:00','2022-05-03 08:07:14'),(125,39,994,2,9,NULL,NULL,'Graphic Designer','2022-02-23 00:00:00','2022-05-03 08:07:14'),(126,11,982,3,2,NULL,NULL,'Recruiting Manager','2022-03-31 00:00:00','2022-05-03 08:07:14'),(127,37,275,3,13,NULL,NULL,'VP Product Management','2022-03-26 00:00:00','2022-05-03 08:07:14'),(128,36,116,2,14,NULL,NULL,'Quality Engineer','2022-04-01 00:00:00','2022-05-03 08:07:14'),(129,36,821,3,8,NULL,NULL,'Business Systems Development Analyst','2022-04-28 00:00:00','2022-05-03 08:07:14'),(130,25,743,1,10,NULL,NULL,'Senior Cost Accountant','2022-04-26 00:00:00','2022-05-03 08:07:14'),(131,9,829,2,11,NULL,NULL,'Nurse','2022-02-20 00:00:00','2022-05-03 08:07:14'),(132,43,65,1,11,NULL,NULL,'Research Assistant III','2022-03-30 00:00:00','2022-05-03 08:07:14'),(133,30,729,2,5,NULL,NULL,'Cost Accountant','2022-04-10 00:00:00','2022-05-03 08:07:14'),(134,41,282,2,9,NULL,NULL,'Technical Writer','2022-03-05 00:00:00','2022-05-03 08:07:14'),(135,1,487,1,3,NULL,NULL,'Senior Sales Associate','2022-04-16 00:00:00','2022-05-03 08:07:14'),(136,35,147,1,5,NULL,NULL,'VP Product Management','2022-04-03 00:00:00','2022-05-03 08:07:14'),(137,25,967,2,9,NULL,NULL,'Marketing Manager','2022-03-22 00:00:00','2022-05-03 08:07:14'),(138,8,261,3,6,NULL,NULL,'Operator','2022-03-18 00:00:00','2022-05-03 08:07:14'),(139,6,13,2,5,NULL,NULL,'Payment Adjustment Coordinator','2022-02-21 00:00:00','2022-05-03 08:07:14'),(140,10,976,2,8,NULL,NULL,'Research Nurse','2022-03-17 00:00:00','2022-05-03 08:07:14'),(141,42,200,3,11,NULL,NULL,'Research Assistant I','2022-03-25 00:00:00','2022-05-03 08:07:14'),(142,15,341,1,6,NULL,NULL,'Account Coordinator','2022-04-03 00:00:00','2022-05-03 08:07:14'),(143,36,341,2,15,NULL,NULL,'Sales Representative','2022-03-18 00:00:00','2022-05-03 08:07:14'),(144,25,350,2,5,NULL,NULL,'Information Systems Manager','2022-03-28 00:00:00','2022-05-03 08:07:14'),(145,27,456,2,9,NULL,NULL,'Research Assistant IV','2022-04-14 00:00:00','2022-05-03 08:07:14'),(146,36,471,2,12,NULL,NULL,'Graphic Designer','2022-03-17 00:00:00','2022-05-03 08:07:14'),(147,1,216,1,11,NULL,NULL,'Speech Pathologist','2022-04-19 00:00:00','2022-05-03 08:07:14'),(148,33,220,2,3,NULL,NULL,'Nurse Practicioner','2022-04-10 00:00:00','2022-05-03 08:07:14'),(149,45,613,1,14,NULL,NULL,'Editor','2022-04-17 00:00:00','2022-05-03 08:07:14'),(150,44,74,2,2,NULL,NULL,'Director of Sales','2022-04-26 00:00:00','2022-05-03 08:07:14'),(151,35,948,2,10,NULL,NULL,'Actuary','2022-04-01 00:00:00','2022-05-03 08:07:14'),(152,27,997,1,4,NULL,NULL,'Assistant Manager','2022-03-24 00:00:00','2022-05-03 08:07:14'),(153,43,149,1,4,NULL,NULL,'Financial Analyst','2022-03-25 00:00:00','2022-05-03 08:07:14'),(154,39,247,3,7,NULL,NULL,'Data Coordiator','2022-04-12 00:00:00','2022-05-03 08:07:14'),(155,16,98,3,11,NULL,NULL,'Nurse Practicioner','2022-02-21 00:00:00','2022-05-03 08:07:14'),(156,41,484,3,12,NULL,NULL,'VP Sales','2022-02-28 00:00:00','2022-05-03 08:07:14'),(157,39,387,2,8,NULL,NULL,'Registered Nurse','2022-03-14 00:00:00','2022-05-03 08:07:14'),(158,40,88,3,11,NULL,NULL,'Senior Quality Engineer','2022-03-27 00:00:00','2022-05-03 08:07:14'),(159,45,88,2,5,NULL,NULL,'Teacher','2022-02-26 00:00:00','2022-05-03 08:07:14'),(160,13,511,3,12,NULL,NULL,'Editor','2022-04-25 00:00:00','2022-05-03 08:07:14'),(161,15,290,3,14,NULL,NULL,'Information Systems Manager','2022-04-22 00:00:00','2022-05-03 08:07:14'),(162,32,227,1,8,NULL,NULL,'Accounting Assistant III','2022-03-04 00:00:00','2022-05-03 08:07:14'),(163,11,245,3,3,NULL,NULL,'Office Assistant I','2022-04-22 00:00:00','2022-05-03 08:07:14'),(164,2,704,1,5,NULL,NULL,'Budget/Accounting Analyst II','2022-03-07 00:00:00','2022-05-03 08:07:14'),(165,19,580,3,14,NULL,NULL,'Sales Associate','2022-04-16 00:00:00','2022-05-03 08:07:14'),(166,11,812,3,1,NULL,NULL,'Design Engineer','2022-03-28 00:00:00','2022-05-03 08:07:14'),(167,46,523,3,1,NULL,NULL,'Desktop Support Technician','2022-03-07 00:00:00','2022-05-03 08:07:14'),(168,48,46,1,5,NULL,NULL,'Engineer I','2022-04-15 00:00:00','2022-05-03 08:07:14'),(169,13,619,1,6,NULL,NULL,'Geological Engineer','2022-04-10 00:00:00','2022-05-03 08:07:14'),(170,46,588,3,4,NULL,NULL,'Registered Nurse','2022-04-01 00:00:00','2022-05-03 08:07:14'),(171,38,4,3,13,NULL,NULL,'Physical Therapy Assistant','2022-04-06 00:00:00','2022-05-03 08:07:14'),(172,22,649,3,14,NULL,NULL,'Tax Accountant','2022-04-08 00:00:00','2022-05-03 08:07:14'),(173,13,168,2,16,NULL,NULL,'Biostatistician IV','2022-03-02 00:00:00','2022-05-03 08:07:14'),(174,29,41,2,12,NULL,NULL,'Product Engineer','2022-04-21 00:00:00','2022-05-03 08:07:14'),(175,12,857,3,8,NULL,NULL,'Librarian','2022-02-25 00:00:00','2022-05-03 08:07:14'),(176,8,144,2,16,NULL,NULL,'Occupational Therapist','2022-04-25 00:00:00','2022-05-03 08:07:14'),(177,41,286,3,12,NULL,NULL,'Sales Associate','2022-04-17 00:00:00','2022-05-03 08:07:14'),(178,33,68,2,3,NULL,NULL,'Automation Specialist I','2022-02-20 00:00:00','2022-05-03 08:07:14'),(179,2,658,2,1,NULL,NULL,'Librarian','2022-04-25 00:00:00','2022-05-03 08:07:14'),(180,41,447,1,6,NULL,NULL,'Design Engineer','2022-03-05 00:00:00','2022-05-03 08:07:14'),(181,24,313,3,8,NULL,NULL,'Nurse','2022-03-02 00:00:00','2022-05-03 08:07:14'),(182,24,469,2,15,NULL,NULL,'Senior Editor','2022-02-28 00:00:00','2022-05-03 08:07:14'),(183,14,245,3,3,NULL,NULL,'Marketing Manager','2022-02-16 00:00:00','2022-05-03 08:07:14'),(184,23,49,3,1,NULL,NULL,'Nuclear Power Engineer','2022-04-28 00:00:00','2022-05-03 08:07:14'),(185,39,516,3,3,NULL,NULL,'Assistant Manager','2022-04-14 00:00:00','2022-05-03 08:07:14'),(186,49,406,3,4,NULL,NULL,'Pharmacist','2022-04-30 00:00:00','2022-05-03 08:07:14'),(187,50,671,1,11,NULL,NULL,'Payment Adjustment Coordinator','2022-04-12 00:00:00','2022-05-03 08:07:14'),(188,32,626,1,8,NULL,NULL,'Nuclear Power Engineer','2022-03-13 00:00:00','2022-05-03 08:07:14'),(189,10,801,3,1,NULL,NULL,'Professor','2022-03-21 00:00:00','2022-05-03 08:07:14'),(190,48,844,1,3,NULL,NULL,'Account Coordinator','2022-04-21 00:00:00','2022-05-03 08:07:14'),(191,30,373,2,11,NULL,NULL,'Pharmacist','2022-03-17 00:00:00','2022-05-03 08:07:14'),(192,5,738,2,8,NULL,NULL,'Chemical Engineer','2022-02-21 00:00:00','2022-05-03 08:07:14'),(193,39,264,1,7,NULL,NULL,'Cost Accountant','2022-02-16 00:00:00','2022-05-03 08:07:14'),(194,23,454,1,12,NULL,NULL,'Senior Developer','2022-02-16 00:00:00','2022-05-03 08:07:14'),(195,9,84,3,6,NULL,NULL,'Speech Pathologist','2022-04-23 00:00:00','2022-05-03 08:07:14'),(196,30,665,1,7,NULL,NULL,'Dental Hygienist','2022-03-09 00:00:00','2022-05-03 08:07:14'),(197,2,916,1,14,NULL,NULL,'Senior Editor','2022-04-11 00:00:00','2022-05-03 08:07:14'),(198,15,415,1,11,NULL,NULL,'Financial Advisor','2022-03-10 00:00:00','2022-05-03 08:07:14'),(199,31,188,1,12,NULL,NULL,'Web Designer I','2022-04-23 00:00:00','2022-05-03 08:07:14'),(200,43,244,1,13,NULL,NULL,'Senior Developer','2022-04-01 00:00:00','2022-05-03 08:07:14'),(201,9,653,1,12,NULL,NULL,'Human Resources Manager','2022-04-01 00:00:00','2022-05-03 08:07:14'),(202,16,495,1,1,NULL,NULL,'Administrative Assistant III','2022-02-19 00:00:00','2022-05-03 08:07:14'),(203,35,918,3,2,NULL,NULL,'Automation Specialist IV','2022-03-14 00:00:00','2022-05-03 08:07:14'),(204,29,400,1,9,NULL,NULL,'Marketing Assistant','2022-02-23 00:00:00','2022-05-03 08:07:14'),(205,1,421,3,7,NULL,NULL,'Civil Engineer','2022-02-21 00:00:00','2022-05-03 08:07:14'),(206,38,864,1,3,NULL,NULL,'Geological Engineer','2022-03-27 00:00:00','2022-05-03 08:07:14'),(207,12,803,1,12,NULL,NULL,'Nurse','2022-03-28 00:00:00','2022-05-03 08:07:14'),(208,28,828,1,16,NULL,NULL,'Financial Analyst','2022-03-28 00:00:00','2022-05-03 08:07:14'),(209,39,6,3,4,NULL,NULL,'Tax Accountant','2022-04-19 00:00:00','2022-05-03 08:07:14'),(210,25,454,2,16,NULL,NULL,'Accountant IV','2022-02-20 00:00:00','2022-05-03 08:07:14'),(211,3,669,3,14,NULL,NULL,'VP Marketing','2022-04-27 00:00:00','2022-05-03 08:07:14'),(212,4,56,2,1,NULL,NULL,'Recruiter','2022-03-12 00:00:00','2022-05-03 08:07:14'),(213,33,396,2,3,NULL,NULL,'Geological Engineer','2022-03-31 00:00:00','2022-05-03 08:07:14'),(214,45,222,3,10,NULL,NULL,'Marketing Assistant','2022-04-24 00:00:00','2022-05-03 08:07:14'),(215,13,353,2,1,NULL,NULL,'Business Systems Development Analyst','2022-04-13 00:00:00','2022-05-03 08:07:14'),(216,17,948,1,6,NULL,NULL,'Quality Engineer','2022-03-24 00:00:00','2022-05-03 08:07:14'),(217,15,972,3,10,NULL,NULL,'Senior Quality Engineer','2022-04-08 00:00:00','2022-05-03 08:07:14'),(218,11,298,3,10,NULL,NULL,'Database Administrator I','2022-03-27 00:00:00','2022-05-03 08:07:14'),(219,6,403,1,4,NULL,NULL,'Physical Therapy Assistant','2022-03-02 00:00:00','2022-05-03 08:07:14'),(220,9,393,3,3,NULL,NULL,'Professor','2022-03-25 00:00:00','2022-05-03 08:07:14'),(221,18,972,2,4,NULL,NULL,'Programmer IV','2022-03-24 00:00:00','2022-05-03 08:07:14'),(222,37,714,1,14,NULL,NULL,'Human Resources Assistant II','2022-03-15 00:00:00','2022-05-03 08:07:14'),(223,4,579,2,1,NULL,NULL,'Desktop Support Technician','2022-03-13 00:00:00','2022-05-03 08:07:14'),(224,3,901,1,12,NULL,NULL,'Quality Engineer','2022-02-25 00:00:00','2022-05-03 08:07:14'),(225,10,575,2,4,NULL,NULL,'Analyst Programmer','2022-03-21 00:00:00','2022-05-03 08:07:14'),(226,8,798,3,13,NULL,NULL,'Librarian','2022-02-26 00:00:00','2022-05-03 08:07:14'),(227,38,850,3,16,NULL,NULL,'Senior Financial Analyst','2022-04-01 00:00:00','2022-05-03 08:07:14'),(228,44,639,2,4,NULL,NULL,'Statistician IV','2022-03-02 00:00:00','2022-05-03 08:07:14'),(229,42,656,2,7,NULL,NULL,'Help Desk Operator','2022-02-21 00:00:00','2022-05-03 08:07:14'),(230,41,554,1,9,NULL,NULL,'Automation Specialist I','2022-02-21 00:00:00','2022-05-03 08:07:14'),(231,41,535,2,5,NULL,NULL,'Assistant Manager','2022-04-01 00:00:00','2022-05-03 08:07:14'),(232,43,476,2,4,NULL,NULL,'Actuary','2022-04-03 00:00:00','2022-05-03 08:07:14'),(233,40,419,2,9,NULL,NULL,'Editor','2022-02-18 00:00:00','2022-05-03 08:07:14'),(234,44,135,2,12,NULL,NULL,'Civil Engineer','2022-04-15 00:00:00','2022-05-03 08:07:14'),(235,29,922,3,13,NULL,NULL,'Senior Developer','2022-03-16 00:00:00','2022-05-03 08:07:14'),(236,8,890,3,7,NULL,NULL,'VP Accounting','2022-04-07 00:00:00','2022-05-03 08:07:14'),(237,50,927,3,4,NULL,NULL,'Project Manager','2022-04-21 00:00:00','2022-05-03 08:07:14'),(238,36,336,3,7,NULL,NULL,'VP Product Management','2022-03-05 00:00:00','2022-05-03 08:07:14'),(239,32,669,1,7,NULL,NULL,'Help Desk Technician','2022-02-22 00:00:00','2022-05-03 08:07:14'),(240,36,185,1,1,NULL,NULL,'Editor','2022-03-28 00:00:00','2022-05-03 08:07:14'),(241,19,999,2,7,NULL,NULL,'Director of Sales','2022-04-13 00:00:00','2022-05-03 08:07:14'),(242,36,396,2,2,NULL,NULL,'Recruiting Manager','2022-02-21 00:00:00','2022-05-03 08:07:14'),(243,15,294,3,8,NULL,NULL,'Computer Systems Analyst II','2022-03-26 00:00:00','2022-05-03 08:07:14'),(244,25,393,1,16,NULL,NULL,'Technical Writer','2022-02-19 00:00:00','2022-05-03 08:07:14'),(245,6,852,2,16,NULL,NULL,'Computer Systems Analyst II','2022-03-15 00:00:00','2022-05-03 08:07:14'),(246,23,117,1,8,NULL,NULL,'Senior Editor','2022-04-29 00:00:00','2022-05-03 08:07:14'),(247,39,901,3,15,NULL,NULL,'Teacher','2022-03-08 00:00:00','2022-05-03 08:07:14'),(248,32,186,1,3,NULL,NULL,'Quality Engineer','2022-02-20 00:00:00','2022-05-03 08:07:14'),(249,8,265,1,13,NULL,NULL,'Senior Quality Engineer','2022-03-13 00:00:00','2022-05-03 08:07:14'),(250,36,485,3,8,NULL,NULL,'Tax Accountant','2022-03-03 00:00:00','2022-05-03 08:07:14'),(251,34,NULL,NULL,NULL,7515,3,'Media Manager I','2022-03-29 00:00:00','2022-05-03 08:07:14'),(252,8,NULL,NULL,NULL,8136,3,'Help Desk Operator','2022-03-25 00:00:00','2022-05-03 08:07:14'),(253,41,NULL,NULL,NULL,6357,3,'Senior Quality Engineer','2022-02-25 00:00:00','2022-05-03 08:07:14'),(254,19,NULL,NULL,NULL,8124,3,'Paralegal','2022-03-28 00:00:00','2022-05-03 08:07:14'),(255,2,NULL,NULL,NULL,6318,3,'Account Coordinator','2022-02-25 00:00:00','2022-05-03 08:07:14'),(256,33,NULL,NULL,NULL,792,4,'Business Systems Development Analyst','2022-04-05 00:00:00','2022-05-03 08:07:14'),(257,9,NULL,NULL,NULL,649,1,'Structural Engineer','2022-03-22 00:00:00','2022-05-03 08:07:14'),(258,33,NULL,NULL,NULL,6092,4,'Data Coordiator','2022-04-11 00:00:00','2022-05-03 08:07:14'),(259,26,NULL,NULL,NULL,3077,3,'Analyst Programmer','2022-04-14 00:00:00','2022-05-03 08:07:14'),(260,22,NULL,NULL,NULL,3429,4,'Web Developer II','2022-04-28 00:00:00','2022-05-03 08:07:14'),(261,18,NULL,NULL,NULL,2576,1,'Assistant Manager','2022-03-21 00:00:00','2022-05-03 08:07:14'),(262,7,NULL,NULL,NULL,7730,1,'Software Test Engineer III','2022-04-21 00:00:00','2022-05-03 08:07:14'),(263,16,NULL,NULL,NULL,3895,2,'Office Assistant IV','2022-04-08 00:00:00','2022-05-03 08:07:14'),(264,42,NULL,NULL,NULL,1522,4,'Help Desk Operator','2022-04-23 00:00:00','2022-05-03 08:07:14'),(265,32,NULL,NULL,NULL,1794,1,'Internal Auditor','2022-03-28 00:00:00','2022-05-03 08:07:14'),(266,23,NULL,NULL,NULL,3480,2,'Product Engineer','2022-03-16 00:00:00','2022-05-03 08:07:14'),(267,34,NULL,NULL,NULL,1877,2,'Software Test Engineer II','2022-02-24 00:00:00','2022-05-03 08:07:14'),(268,47,NULL,NULL,NULL,983,4,'Geologist IV','2022-03-20 00:00:00','2022-05-03 08:07:14'),(269,27,NULL,NULL,NULL,2937,1,'Chief Design Engineer','2022-03-03 00:00:00','2022-05-03 08:07:14'),(270,38,NULL,NULL,NULL,1956,3,'Help Desk Technician','2022-04-16 00:00:00','2022-05-03 08:07:14'),(271,48,NULL,NULL,NULL,9914,3,'Automation Specialist IV','2022-02-27 00:00:00','2022-05-03 08:07:14'),(272,19,NULL,NULL,NULL,3625,1,'Clinical Specialist','2022-04-11 00:00:00','2022-05-03 08:07:14'),(273,18,NULL,NULL,NULL,1330,4,'Nurse','2022-04-15 00:00:00','2022-05-03 08:07:14'),(274,33,NULL,NULL,NULL,3473,4,'Safety Technician III','2022-04-11 00:00:00','2022-05-03 08:07:14'),(275,36,NULL,NULL,NULL,3532,2,'Accounting Assistant II','2022-03-27 00:00:00','2022-05-03 08:07:14'),(276,11,NULL,NULL,NULL,4635,3,'Associate Professor','2022-04-06 00:00:00','2022-05-03 08:07:14'),(277,30,NULL,NULL,NULL,3700,4,'Developer III','2022-03-09 00:00:00','2022-05-03 08:07:14'),(278,9,NULL,NULL,NULL,5689,1,'Project Manager','2022-04-09 00:00:00','2022-05-03 08:07:14'),(279,19,NULL,NULL,NULL,9356,1,'Staff Accountant IV','2022-04-09 00:00:00','2022-05-03 08:07:14'),(280,13,NULL,NULL,NULL,4634,2,'VP Marketing','2022-02-26 00:00:00','2022-05-03 08:07:14'),(281,14,NULL,NULL,NULL,6128,1,'Account Coordinator','2022-02-27 00:00:00','2022-05-03 08:07:14'),(282,30,NULL,NULL,NULL,4876,1,'Data Coordiator','2022-03-30 00:00:00','2022-05-03 08:07:14'),(283,4,NULL,NULL,NULL,1966,3,'VP Sales','2022-03-06 00:00:00','2022-05-03 08:07:14'),(284,40,NULL,NULL,NULL,9040,3,'Registered Nurse','2022-04-11 00:00:00','2022-05-03 08:07:14'),(285,43,NULL,NULL,NULL,117,2,'Nuclear Power Engineer','2022-04-29 00:00:00','2022-05-03 08:07:14'),(286,14,NULL,NULL,NULL,4706,1,'Help Desk Operator','2022-04-14 00:00:00','2022-05-03 08:07:14'),(287,7,NULL,NULL,NULL,824,1,'Software Test Engineer II','2022-04-04 00:00:00','2022-05-03 08:07:14'),(288,3,NULL,NULL,NULL,3568,2,'Recruiting Manager','2022-03-09 00:00:00','2022-05-03 08:07:14'),(289,29,NULL,NULL,NULL,1969,1,'Sales Representative','2022-03-06 00:00:00','2022-05-03 08:07:14'),(290,27,NULL,NULL,NULL,5647,4,'Internal Auditor','2022-04-01 00:00:00','2022-05-03 08:07:14'),(291,35,NULL,NULL,NULL,845,1,'Chief Design Engineer','2022-04-09 00:00:00','2022-05-03 08:07:14'),(292,8,NULL,NULL,NULL,3304,1,'Graphic Designer','2022-04-08 00:00:00','2022-05-03 08:07:14'),(293,5,NULL,NULL,NULL,839,3,'General Manager','2022-04-15 00:00:00','2022-05-03 08:07:14'),(294,5,NULL,NULL,NULL,783,1,'Desktop Support Technician','2022-04-08 00:00:00','2022-05-03 08:07:14'),(295,41,NULL,NULL,NULL,560,3,'Professor','2022-03-19 00:00:00','2022-05-03 08:07:14'),(296,2,NULL,NULL,NULL,6786,1,'Legal Assistant','2022-02-19 00:00:00','2022-05-03 08:07:14'),(297,34,NULL,NULL,NULL,9057,4,'Accounting Assistant II','2022-04-30 00:00:00','2022-05-03 08:07:14'),(298,12,NULL,NULL,NULL,8292,4,'Marketing Manager','2022-03-11 00:00:00','2022-05-03 08:07:14'),(299,9,NULL,NULL,NULL,2664,1,'VP Product Management','2022-03-09 00:00:00','2022-05-03 08:07:14'),(300,22,NULL,NULL,NULL,9194,1,'Actuary','2022-04-28 00:00:00','2022-05-03 08:07:14'),(301,20,NULL,NULL,NULL,4765,3,'Electrical Engineer','2022-04-01 00:00:00','2022-05-03 08:07:14'),(302,27,NULL,NULL,NULL,4518,2,'Research Nurse','2022-04-17 00:00:00','2022-05-03 08:07:14'),(303,31,NULL,NULL,NULL,4046,3,'General Manager','2022-04-22 00:00:00','2022-05-03 08:07:14'),(304,48,NULL,NULL,NULL,4089,3,'Electrical Engineer','2022-04-12 00:00:00','2022-05-03 08:07:14'),(305,1,NULL,NULL,NULL,4847,2,'Community Outreach Specialist','2022-03-08 00:00:00','2022-05-03 08:07:14'),(306,11,NULL,NULL,NULL,6485,3,'Executive Secretary','2022-02-19 00:00:00','2022-05-03 08:07:14'),(307,17,NULL,NULL,NULL,5470,3,'Research Nurse','2022-04-17 00:00:00','2022-05-03 08:07:14'),(308,17,NULL,NULL,NULL,4968,1,'Food Chemist','2022-02-27 00:00:00','2022-05-03 08:07:14'),(309,22,NULL,NULL,NULL,9009,2,'Research Associate','2022-04-18 00:00:00','2022-05-03 08:07:14'),(310,34,NULL,NULL,NULL,2519,1,'Budget/Accounting Analyst III','2022-04-11 00:00:00','2022-05-03 08:07:14'),(311,16,NULL,NULL,NULL,7335,3,'Civil Engineer','2022-03-03 00:00:00','2022-05-03 08:07:14'),(312,22,NULL,NULL,NULL,6791,1,'Structural Engineer','2022-04-06 00:00:00','2022-05-03 08:07:14'),(313,5,NULL,NULL,NULL,3267,1,'Chemical Engineer','2022-04-14 00:00:00','2022-05-03 08:07:14'),(314,33,NULL,NULL,NULL,6290,3,'Nurse','2022-04-28 00:00:00','2022-05-03 08:07:14'),(315,50,NULL,NULL,NULL,7304,2,'Automation Specialist I','2022-03-03 00:00:00','2022-05-03 08:07:14'),(316,15,NULL,NULL,NULL,2682,3,'Operator','2022-02-22 00:00:00','2022-05-03 08:07:14'),(317,38,NULL,NULL,NULL,1094,4,'Food Chemist','2022-03-01 00:00:00','2022-05-03 08:07:14'),(318,38,NULL,NULL,NULL,7104,3,'Budget/Accounting Analyst IV','2022-04-30 00:00:00','2022-05-03 08:07:14'),(319,47,NULL,NULL,NULL,1744,4,'Environmental Tech','2022-03-11 00:00:00','2022-05-03 08:07:14'),(320,33,NULL,NULL,NULL,8123,1,'Sales Associate','2022-03-23 00:00:00','2022-05-03 08:07:14'),(321,12,NULL,NULL,NULL,3253,3,'Recruiting Manager','2022-03-24 00:00:00','2022-05-03 08:07:14'),(322,46,NULL,NULL,NULL,5825,1,'Administrative Officer','2022-02-15 00:00:00','2022-05-03 08:07:14'),(323,1,NULL,NULL,NULL,5895,1,'Nurse','2022-03-21 00:00:00','2022-05-03 08:07:14'),(324,34,NULL,NULL,NULL,5032,3,'Safety Technician II','2022-02-26 00:00:00','2022-05-03 08:07:14'),(325,10,NULL,NULL,NULL,2054,1,'Structural Analysis Engineer','2022-02-21 00:00:00','2022-05-03 08:07:14'),(326,18,NULL,NULL,NULL,3920,4,'Physical Therapy Assistant','2022-03-12 00:00:00','2022-05-03 08:07:14'),(327,4,NULL,NULL,NULL,2243,2,'Administrative Officer','2022-02-20 00:00:00','2022-05-03 08:07:14'),(328,39,NULL,NULL,NULL,5652,4,'Actuary','2022-02-22 00:00:00','2022-05-03 08:07:14'),(329,11,NULL,NULL,NULL,5450,3,'Research Nurse','2022-02-16 00:00:00','2022-05-03 08:07:14'),(330,44,NULL,NULL,NULL,1268,1,'Design Engineer','2022-04-18 00:00:00','2022-05-03 08:07:14'),(331,2,NULL,NULL,NULL,1143,4,'Director of Sales','2022-04-24 00:00:00','2022-05-03 08:07:14'),(332,24,NULL,NULL,NULL,5522,3,'Structural Engineer','2022-03-04 00:00:00','2022-05-03 08:07:14'),(333,38,NULL,NULL,NULL,7109,1,'Teacher','2022-04-20 00:00:00','2022-05-03 08:07:14'),(334,44,NULL,NULL,NULL,7259,2,'Research Nurse','2022-03-07 00:00:00','2022-05-03 08:07:14'),(335,12,NULL,NULL,NULL,1151,4,'Internal Auditor','2022-04-23 00:00:00','2022-05-03 08:07:14'),(336,21,NULL,NULL,NULL,6773,4,'Chief Design Engineer','2022-04-21 00:00:00','2022-05-03 08:07:14'),(337,45,NULL,NULL,NULL,1810,2,'Chemical Engineer','2022-02-24 00:00:00','2022-05-03 08:07:14'),(338,19,NULL,NULL,NULL,3371,1,'Mechanical Systems Engineer','2022-03-27 00:00:00','2022-05-03 08:07:14'),(339,49,NULL,NULL,NULL,6677,3,'Environmental Specialist','2022-02-23 00:00:00','2022-05-03 08:07:14'),(340,40,NULL,NULL,NULL,1275,3,'VP Accounting','2022-04-13 00:00:00','2022-05-03 08:07:14'),(341,28,NULL,NULL,NULL,5301,4,'Chemical Engineer','2022-04-29 00:00:00','2022-05-03 08:07:14'),(342,30,NULL,NULL,NULL,9315,1,'Nuclear Power Engineer','2022-04-23 00:00:00','2022-05-03 08:07:14'),(343,50,NULL,NULL,NULL,3590,2,'Geological Engineer','2022-03-01 00:00:00','2022-05-03 08:07:14'),(344,6,NULL,NULL,NULL,5402,3,'Marketing Assistant','2022-04-29 00:00:00','2022-05-03 08:07:14'),(345,7,NULL,NULL,NULL,3572,1,'Software Test Engineer IV','2022-03-24 00:00:00','2022-05-03 08:07:14'),(346,3,NULL,NULL,NULL,5115,3,'Teacher','2022-03-07 00:00:00','2022-05-03 08:07:14'),(347,11,NULL,NULL,NULL,6722,2,'Recruiting Manager','2022-02-18 00:00:00','2022-05-03 08:07:14'),(348,38,NULL,NULL,NULL,8595,1,'Statistician III','2022-04-24 00:00:00','2022-05-03 08:07:14'),(349,50,NULL,NULL,NULL,5971,2,'Web Designer I','2022-04-15 00:00:00','2022-05-03 08:07:14'),(350,19,NULL,NULL,NULL,3958,2,'Quality Control Specialist','2022-04-01 00:00:00','2022-05-03 08:07:14'),(351,32,NULL,NULL,NULL,8428,3,'Business Systems Development Analyst','2022-04-30 00:00:00','2022-05-03 08:07:14'),(352,41,NULL,NULL,NULL,5286,4,'Senior Cost Accountant','2022-04-05 00:00:00','2022-05-03 08:07:14'),(353,9,NULL,NULL,NULL,3658,3,'Geologist IV','2022-03-16 00:00:00','2022-05-03 08:07:14'),(354,14,NULL,NULL,NULL,7607,1,'Business Systems Development Analyst','2022-03-03 00:00:00','2022-05-03 08:07:14'),(355,46,NULL,NULL,NULL,6032,1,'Librarian','2022-02-21 00:00:00','2022-05-03 08:07:14'),(356,31,NULL,NULL,NULL,8302,3,'Tax Accountant','2022-04-28 00:00:00','2022-05-03 08:07:14'),(357,22,NULL,NULL,NULL,3575,1,'Staff Scientist','2022-04-09 00:00:00','2022-05-03 08:07:14'),(358,21,NULL,NULL,NULL,1189,2,'Community Outreach Specialist','2022-04-27 00:00:00','2022-05-03 08:07:14'),(359,48,NULL,NULL,NULL,1543,3,'Help Desk Operator','2022-03-26 00:00:00','2022-05-03 08:07:14'),(360,5,NULL,NULL,NULL,6466,2,'VP Marketing','2022-03-08 00:00:00','2022-05-03 08:07:14'),(361,46,NULL,NULL,NULL,7329,2,'Automation Specialist IV','2022-04-15 00:00:00','2022-05-03 08:07:14'),(362,34,NULL,NULL,NULL,5672,4,'Operator','2022-04-13 00:00:00','2022-05-03 08:07:14'),(363,2,NULL,NULL,NULL,1452,1,'Database Administrator IV','2022-03-07 00:00:00','2022-05-03 08:07:14'),(364,15,NULL,NULL,NULL,8612,4,'Account Representative I','2022-04-15 00:00:00','2022-05-03 08:07:14'),(365,1,NULL,NULL,NULL,9861,2,'Database Administrator I','2022-03-14 00:00:00','2022-05-03 08:07:14'),(366,41,NULL,NULL,NULL,6386,3,'Account Representative I','2022-04-03 00:00:00','2022-05-03 08:07:14'),(367,47,NULL,NULL,NULL,8679,1,'Analog Circuit Design manager','2022-03-31 00:00:00','2022-05-03 08:07:14'),(368,5,NULL,NULL,NULL,3715,4,'Database Administrator II','2022-03-12 00:00:00','2022-05-03 08:07:14'),(369,46,NULL,NULL,NULL,352,2,'Biostatistician IV','2022-03-21 00:00:00','2022-05-03 08:07:14'),(370,18,NULL,NULL,NULL,1158,1,'Software Consultant','2022-04-16 00:00:00','2022-05-03 08:07:14'),(371,25,NULL,NULL,NULL,6306,1,'Nurse','2022-03-21 00:00:00','2022-05-03 08:07:14'),(372,16,NULL,NULL,NULL,151,1,'Actuary','2022-04-04 00:00:00','2022-05-03 08:07:14'),(373,34,NULL,NULL,NULL,100,1,'Systems Administrato','2022-03-31 00:00:00','2022-05-03 08:37:16'),(374,8,NULL,NULL,NULL,7198,2,'Payment Adjustment Coordinator','2022-04-16 00:00:00','2022-05-03 08:07:14'),(375,16,NULL,NULL,NULL,9863,2,'Quality Engineer','2022-03-02 00:00:00','2022-05-03 08:07:14'),(376,2,NULL,NULL,NULL,9518,2,'Software Test Engineer I','2022-03-26 00:00:00','2022-05-03 08:07:14'),(377,38,NULL,NULL,NULL,8923,2,'Payment Adjustment Coordinator','2022-03-09 00:00:00','2022-05-03 08:07:14'),(378,13,NULL,NULL,NULL,6696,2,'Software Test Engineer III','2022-03-12 00:00:00','2022-05-03 08:07:14'),(379,39,NULL,NULL,NULL,2691,4,'VP Product Management','2022-03-17 00:00:00','2022-05-03 08:07:14'),(380,15,NULL,NULL,NULL,1749,3,'Research Nurse','2022-02-27 00:00:00','2022-05-03 08:07:14'),(381,33,NULL,NULL,NULL,6097,3,'Environmental Specialist','2022-03-09 00:00:00','2022-05-03 08:07:14'),(382,45,NULL,NULL,NULL,7583,4,'Help Desk Technician','2022-02-27 00:00:00','2022-05-03 08:07:14'),(383,15,NULL,NULL,NULL,9659,3,'Editor','2022-04-13 00:00:00','2022-05-03 08:07:14'),(384,47,NULL,NULL,NULL,6147,3,'Project Manager','2022-04-03 00:00:00','2022-05-03 08:07:14'),(385,50,NULL,NULL,NULL,9121,3,'Administrative Officer','2022-03-16 00:00:00','2022-05-03 08:07:14'),(386,43,NULL,NULL,NULL,2125,1,'Environmental Tech','2022-04-23 00:00:00','2022-05-03 08:07:14'),(387,21,NULL,NULL,NULL,8384,4,'Junior Executive','2022-04-17 00:00:00','2022-05-03 08:07:14'),(388,8,NULL,NULL,NULL,4896,4,'Chief Design Engineer','2022-03-14 00:00:00','2022-05-03 08:07:14'),(389,15,NULL,NULL,NULL,150,1,'VP Accounting','2022-03-01 00:00:00','2022-05-03 08:07:14'),(390,8,NULL,NULL,NULL,8827,2,'Structural Analysis Engineer','2022-03-28 00:00:00','2022-05-03 08:07:14'),(391,11,NULL,NULL,NULL,2164,3,'Staff Accountant IV','2022-04-14 00:00:00','2022-05-03 08:07:14'),(392,6,NULL,NULL,NULL,8171,2,'Professor','2022-04-04 00:00:00','2022-05-03 08:07:14'),(393,9,NULL,NULL,NULL,2807,4,'Junior Executive','2022-04-27 00:00:00','2022-05-03 08:07:14'),(394,1,NULL,NULL,NULL,8821,2,'GIS Technical Architect','2022-03-05 00:00:00','2022-05-03 08:07:14'),(395,1,NULL,NULL,NULL,4751,2,'Geological Engineer','2022-02-19 00:00:00','2022-05-03 08:07:14'),(396,35,NULL,NULL,NULL,6984,1,'Speech Pathologist','2022-03-12 00:00:00','2022-05-03 08:07:14'),(397,36,NULL,NULL,NULL,6343,2,'VP Product Management','2022-02-18 00:00:00','2022-05-03 08:07:14'),(398,27,NULL,NULL,NULL,2207,2,'Compensation Analyst','2022-04-14 00:00:00','2022-05-03 08:07:14'),(399,40,NULL,NULL,NULL,2492,2,'Design Engineer','2022-03-31 00:00:00','2022-05-03 08:07:14'),(400,1,NULL,NULL,NULL,3493,2,'Payment Adjustment Coordinator','2022-03-08 00:00:00','2022-05-03 08:07:14'),(401,39,NULL,NULL,NULL,2872,1,'Teacher','2022-04-04 00:00:00','2022-05-03 08:07:14'),(402,13,NULL,NULL,NULL,4843,4,'Systems Administrator II','2022-03-16 00:00:00','2022-05-03 08:07:14'),(403,44,NULL,NULL,NULL,9909,2,'Dental Hygienist','2022-03-07 00:00:00','2022-05-03 08:07:14'),(404,43,NULL,NULL,NULL,1492,1,'Senior Cost Accountant','2022-02-16 00:00:00','2022-05-03 08:07:14'),(405,18,NULL,NULL,NULL,5951,1,'Teacher','2022-04-22 00:00:00','2022-05-03 08:07:14'),(406,21,NULL,NULL,NULL,558,3,'Information Systems Manager','2022-04-23 00:00:00','2022-05-03 08:07:14'),(407,4,NULL,NULL,NULL,6273,3,'Actuary','2022-02-26 00:00:00','2022-05-03 08:07:14'),(408,24,NULL,NULL,NULL,9884,3,'Electrical Engineer','2022-04-08 00:00:00','2022-05-03 08:07:14'),(409,3,NULL,NULL,NULL,8918,2,'Environmental Tech','2022-04-22 00:00:00','2022-05-03 08:07:14'),(410,2,NULL,NULL,NULL,2439,2,'Human Resources Assistant IV','2022-03-03 00:00:00','2022-05-03 08:07:14'),(411,30,NULL,NULL,NULL,6787,2,'Analog Circuit Design manager','2022-04-30 00:00:00','2022-05-03 08:07:14'),(412,43,NULL,NULL,NULL,8014,2,'Internal Auditor','2022-02-18 00:00:00','2022-05-03 08:07:14'),(413,41,NULL,NULL,NULL,3972,2,'Director of Sales','2022-03-19 00:00:00','2022-05-03 08:07:14'),(414,38,NULL,NULL,NULL,3145,3,'Desktop Support Technician','2022-04-06 00:00:00','2022-05-03 08:07:14'),(415,26,NULL,NULL,NULL,7886,4,'VP Accounting','2022-04-14 00:00:00','2022-05-03 08:07:14'),(416,29,NULL,NULL,NULL,876,2,'Database Administrator III','2022-03-06 00:00:00','2022-05-03 08:07:14'),(417,5,NULL,NULL,NULL,1158,4,'Research Associate','2022-03-13 00:00:00','2022-05-03 08:07:14'),(418,43,NULL,NULL,NULL,9408,4,'Account Representative II','2022-04-22 00:00:00','2022-05-03 08:07:14'),(419,4,NULL,NULL,NULL,2986,3,'Recruiting Manager','2022-03-23 00:00:00','2022-05-03 08:07:14'),(420,3,NULL,NULL,NULL,9701,1,'VP Product Management','2022-03-17 00:00:00','2022-05-03 08:07:14'),(421,30,NULL,NULL,NULL,2473,3,'Research Nurse','2022-04-05 00:00:00','2022-05-03 08:07:14'),(422,19,NULL,NULL,NULL,8000,2,'VP Sales','2022-04-05 00:00:00','2022-05-03 08:07:14'),(423,18,NULL,NULL,NULL,1864,4,'Design Engineer','2022-02-19 00:00:00','2022-05-03 08:07:14'),(424,3,NULL,NULL,NULL,1883,2,'Health Coach II','2022-03-09 00:00:00','2022-05-03 08:07:14'),(425,40,NULL,NULL,NULL,8374,1,'Data Coordiator','2022-03-18 00:00:00','2022-05-03 08:07:14'),(426,6,NULL,NULL,NULL,4055,3,'Recruiting Manager','2022-03-04 00:00:00','2022-05-03 08:07:14'),(427,19,NULL,NULL,NULL,3420,3,'Librarian','2022-04-18 00:00:00','2022-05-03 08:07:14'),(428,45,NULL,NULL,NULL,8499,3,'Account Representative IV','2022-04-02 00:00:00','2022-05-03 08:07:14'),(429,37,NULL,NULL,NULL,9784,3,'VP Quality Control','2022-03-24 00:00:00','2022-05-03 08:07:14'),(430,9,NULL,NULL,NULL,2490,3,'Financial Advisor','2022-04-22 00:00:00','2022-05-03 08:07:14'),(431,10,NULL,NULL,NULL,7041,1,'Project Manager','2022-03-26 00:00:00','2022-05-03 08:07:14'),(432,36,NULL,NULL,NULL,3040,3,'Senior Quality Engineer','2022-04-28 00:00:00','2022-05-03 08:07:14'),(433,50,NULL,NULL,NULL,7826,4,'Media Manager IV','2022-04-13 00:00:00','2022-05-03 08:07:14'),(434,18,NULL,NULL,NULL,7275,2,'VP Sales','2022-03-08 00:00:00','2022-05-03 08:07:14'),(435,50,NULL,NULL,NULL,1923,2,'Information Systems Manager','2022-04-21 00:00:00','2022-05-03 08:07:14'),(436,40,NULL,NULL,NULL,3370,3,'Recruiter','2022-04-07 00:00:00','2022-05-03 08:07:14'),(437,37,NULL,NULL,NULL,7274,2,'General Manager','2022-02-17 00:00:00','2022-05-03 08:07:14'),(438,1,NULL,NULL,NULL,5141,3,'Financial Analyst','2022-03-16 00:00:00','2022-05-03 08:07:14'),(439,21,NULL,NULL,NULL,1272,1,'Nurse','2022-02-19 00:00:00','2022-05-03 08:07:14'),(440,29,NULL,NULL,NULL,6056,2,'Research Associate','2022-03-31 00:00:00','2022-05-03 08:07:14'),(441,50,NULL,NULL,NULL,4956,2,'Civil Engineer','2022-04-10 00:00:00','2022-05-03 08:07:14'),(442,13,NULL,NULL,NULL,544,1,'Help Desk Operator','2022-02-15 00:00:00','2022-05-03 08:07:14'),(443,46,NULL,NULL,NULL,3071,2,'Tax Accountant','2022-04-14 00:00:00','2022-05-03 08:07:14'),(444,21,NULL,NULL,NULL,6977,1,'Help Desk Technician','2022-03-29 00:00:00','2022-05-03 08:07:14'),(445,16,NULL,NULL,NULL,8370,2,'Mechanical Systems Engineer','2022-04-23 00:00:00','2022-05-03 08:07:14'),(446,6,NULL,NULL,NULL,8103,2,'Software Engineer I','2022-02-21 00:00:00','2022-05-03 08:07:14'),(447,38,NULL,NULL,NULL,4349,2,'Geological Engineer','2022-03-10 00:00:00','2022-05-03 08:07:14'),(448,15,NULL,NULL,NULL,7839,2,'Account Coordinator','2022-03-08 00:00:00','2022-05-03 08:07:14'),(449,34,NULL,NULL,NULL,9978,3,'Office Assistant III','2022-02-25 00:00:00','2022-05-03 08:07:14'),(450,39,NULL,NULL,NULL,3624,3,'Administrative Officer','2022-02-22 00:00:00','2022-05-03 08:07:14'),(451,19,NULL,NULL,NULL,3313,4,'Programmer III','2022-04-22 00:00:00','2022-05-03 08:07:14'),(452,45,NULL,NULL,NULL,3025,4,'Developer II','2022-03-05 00:00:00','2022-05-03 08:07:14'),(453,31,NULL,NULL,NULL,1004,1,'Automation Specialist I','2022-03-22 00:00:00','2022-05-03 08:07:14'),(454,26,NULL,NULL,NULL,248,1,'Senior Financial Analyst','2022-03-23 00:00:00','2022-05-03 08:07:14'),(455,26,NULL,NULL,NULL,9157,4,'Recruiter','2022-02-15 00:00:00','2022-05-03 08:07:14'),(456,16,NULL,NULL,NULL,6648,3,'Librarian','2022-04-24 00:00:00','2022-05-03 08:07:14'),(457,1,NULL,NULL,NULL,9359,2,'Recruiter','2022-02-17 00:00:00','2022-05-03 08:07:14'),(458,1,NULL,NULL,NULL,5728,3,'Data Coordiator','2022-04-30 00:00:00','2022-05-03 08:07:14'),(459,10,NULL,NULL,NULL,2683,2,'Data Coordiator','2022-02-21 00:00:00','2022-05-03 08:07:14'),(460,27,NULL,NULL,NULL,7467,2,'Nurse','2022-04-19 00:00:00','2022-05-03 08:07:14'),(461,50,NULL,NULL,NULL,1229,2,'Professor','2022-03-21 00:00:00','2022-05-03 08:07:14'),(462,49,NULL,NULL,NULL,6689,4,'Chemical Engineer','2022-04-27 00:00:00','2022-05-03 08:07:14'),(463,12,NULL,NULL,NULL,4914,3,'Assistant Manager','2022-03-19 00:00:00','2022-05-03 08:07:14'),(464,33,NULL,NULL,NULL,6435,4,'Account Executive','2022-03-13 00:00:00','2022-05-03 08:07:14'),(465,23,NULL,NULL,NULL,9251,3,'Accountant I','2022-03-30 00:00:00','2022-05-03 08:07:14'),(466,33,NULL,NULL,NULL,5627,1,'Research Nurse','2022-03-15 00:00:00','2022-05-03 08:07:14'),(467,36,NULL,NULL,NULL,9350,3,'Technical Writer','2022-02-22 00:00:00','2022-05-03 08:07:14'),(468,37,NULL,NULL,NULL,7064,1,'General Manager','2022-04-11 00:00:00','2022-05-03 08:07:14'),(469,9,NULL,NULL,NULL,5195,4,'Systems Administrator IV','2022-03-18 00:00:00','2022-05-03 08:07:14'),(470,19,NULL,NULL,NULL,5686,2,'Physical Therapy Assistant','2022-04-27 00:00:00','2022-05-03 08:07:14'),(471,13,NULL,NULL,NULL,3074,1,'Senior Quality Engineer','2022-03-12 00:00:00','2022-05-03 08:07:14'),(472,3,NULL,NULL,NULL,7852,4,'VP Accounting','2022-03-19 00:00:00','2022-05-03 08:07:14'),(473,45,NULL,NULL,NULL,7071,4,'Tax Accountant','2022-04-28 00:00:00','2022-05-03 08:07:14'),(474,5,NULL,NULL,NULL,1547,3,'Librarian','2022-03-02 00:00:00','2022-05-03 08:07:14'),(475,30,NULL,NULL,NULL,4137,3,'Operator','2022-02-23 00:00:00','2022-05-03 08:07:14'),(476,49,NULL,NULL,NULL,8963,4,'Occupational Therapist','2022-04-14 00:00:00','2022-05-03 08:07:14'),(477,35,NULL,NULL,NULL,9767,3,'Systems Administrator III','2022-03-01 00:00:00','2022-05-03 08:07:14'),(478,7,NULL,NULL,NULL,4239,2,'Account Representative II','2022-02-20 00:00:00','2022-05-03 08:07:14'),(479,5,NULL,NULL,NULL,4415,4,'Geological Engineer','2022-02-19 00:00:00','2022-05-03 08:07:14'),(480,14,NULL,NULL,NULL,2103,1,'Statistician I','2022-03-29 00:00:00','2022-05-03 08:07:14'),(481,9,NULL,NULL,NULL,5587,2,'Data Coordiator','2022-03-16 00:00:00','2022-05-03 08:07:14'),(482,14,NULL,NULL,NULL,7170,3,'Staff Scientist','2022-03-06 00:00:00','2022-05-03 08:07:14'),(483,4,NULL,NULL,NULL,3837,3,'Engineer IV','2022-03-08 00:00:00','2022-05-03 08:07:14'),(484,19,NULL,NULL,NULL,9098,1,'Clinical Specialist','2022-03-18 00:00:00','2022-05-03 08:07:14'),(485,18,NULL,NULL,NULL,3956,4,'Internal Auditor','2022-02-17 00:00:00','2022-05-03 08:07:14'),(486,11,NULL,NULL,NULL,3255,1,'Technical Writer','2022-04-10 00:00:00','2022-05-03 08:07:14'),(487,2,NULL,NULL,NULL,2796,1,'Clinical Specialist','2022-02-18 00:00:00','2022-05-03 08:07:14'),(488,42,NULL,NULL,NULL,5597,1,'GIS Technical Architect','2022-04-19 00:00:00','2022-05-03 08:07:14'),(489,36,NULL,NULL,NULL,604,3,'Social Worker','2022-03-25 00:00:00','2022-05-03 08:07:14'),(490,45,NULL,NULL,NULL,2350,3,'Senior Cost Accountant','2022-03-26 00:00:00','2022-05-03 08:07:14'),(491,2,NULL,NULL,NULL,420,1,'Sales Associate','2022-03-21 00:00:00','2022-05-03 08:07:14'),(492,25,NULL,NULL,NULL,3739,1,'Internal Auditor','2022-04-04 00:00:00','2022-05-03 08:07:14'),(493,35,NULL,NULL,NULL,2996,3,'Clinical Specialist','2022-02-24 00:00:00','2022-05-03 08:07:14'),(494,44,NULL,NULL,NULL,2530,3,'Automation Specialist III','2022-03-30 00:00:00','2022-05-03 08:07:14'),(495,18,NULL,NULL,NULL,1006,1,'Physical Therapy Assistant','2022-04-03 00:00:00','2022-05-03 08:07:14'),(496,20,NULL,NULL,NULL,8951,3,'Nurse','2022-04-22 00:00:00','2022-05-03 08:07:14'),(497,41,NULL,NULL,NULL,1001,4,'Developer III','2022-04-14 00:00:00','2022-05-03 08:07:14'),(498,25,NULL,NULL,NULL,4104,3,'Marketing Assistant','2022-02-15 00:00:00','2022-05-03 08:07:14'),(499,24,NULL,NULL,NULL,5556,2,'Structural Engineer','2022-04-28 00:00:00','2022-05-03 08:07:14'),(500,46,NULL,NULL,NULL,873,3,'Web Developer I','2022-03-20 00:00:00','2022-05-03 08:07:14');
/*!40000 ALTER TABLE `income_expenses` ENABLE KEYS */;
UNLOCK TABLES;

--
-- Table structure for table `sequelizemeta`
--

DROP TABLE IF EXISTS `sequelizemeta`;
/*!40101 SET @saved_cs_client     = @@character_set_client */;
/*!40101 SET character_set_client = utf8 */;
CREATE TABLE `sequelizemeta` (
  `name` varchar(255) COLLATE utf8_unicode_ci NOT NULL,
  PRIMARY KEY (`name`),
  UNIQUE KEY `name` (`name`)
) ENGINE=InnoDB DEFAULT CHARSET=utf8 COLLATE=utf8_unicode_ci;
/*!40101 SET character_set_client = @saved_cs_client */;

--
-- Dumping data for table `sequelizemeta`
--

LOCK TABLES `sequelizemeta` WRITE;
/*!40000 ALTER TABLE `sequelizemeta` DISABLE KEYS */;
INSERT INTO `sequelizemeta` VALUES ('20220325174637-create-users.js'),('20220408184022-create-categories-income.js'),('20220408184159-create-expense-type.js'),('20220408184240-create-categories-expenses.js'),('20220408184307-create-fixed_income.js'),('20220408184627-create-income_and_expenses.js');
/*!40000 ALTER TABLE `sequelizemeta` ENABLE KEYS */;
UNLOCK TABLES;

--
-- Table structure for table `users`
--

DROP TABLE IF EXISTS `users`;
/*!40101 SET @saved_cs_client     = @@character_set_client */;
/*!40101 SET character_set_client = utf8 */;
CREATE TABLE `users` (
  `id` int(11) NOT NULL AUTO_INCREMENT,
  `firstName` varchar(100) DEFAULT NULL,
  `lastName` varchar(100) DEFAULT NULL,
  `email` varchar(100) DEFAULT NULL,
  `password` varchar(255) DEFAULT NULL,
  `confirmPassword` varchar(255) DEFAULT NULL,
  `nickName` varchar(30) DEFAULT NULL,
  `avatar` varchar(255) DEFAULT NULL,
  `active` int(11) DEFAULT NULL,
  `admin` int(11) DEFAULT NULL,
  `createdAt` datetime DEFAULT NULL,
  `updatedAt` datetime DEFAULT NULL,
  PRIMARY KEY (`id`)
) ENGINE=InnoDB AUTO_INCREMENT=51 DEFAULT CHARSET=utf8mb4;
/*!40101 SET character_set_client = @saved_cs_client */;

--
-- Dumping data for table `users`
--

LOCK TABLES `users` WRITE;
/*!40000 ALTER TABLE `users` DISABLE KEYS */;
INSERT INTO `users` VALUES (1,'Dulsea','Hannis','dhannis0@quantcast.com','12345678Mw','12345678Mw','dhannis0','default.png',1,0,'2022-05-03 08:07:14','2022-05-03 08:07:14'),(2,'Wallie','Grigori','wgrigori1@weebly.com','12345678Mw','12345678Mw','wgrigori1','default.png',1,0,'2022-05-03 08:07:14','2022-05-03 08:07:14'),(3,'Krissy','Umpleby','kumpleby2@zdnet.com','12345678Mw','12345678Mw','kumpleby2','default.png',1,0,'2022-05-03 08:07:14','2022-05-03 08:07:14'),(4,'Elena','Gabler','egabler3@umich.edu','12345678Mw','12345678Mw','egabler3','default.png',1,0,'2022-05-03 08:07:14','2022-05-03 08:07:14'),(5,'Ilyse','Hazelton','ihazelton4@com.com','12345678Mw','12345678Mw','ihazelton4','default.png',1,0,'2022-05-03 08:07:14','2022-05-03 08:07:14'),(6,'Jerald','Isacoff','jisacoff5@springer.com','12345678Mw','12345678Mw','jisacoff5','default.png',1,0,'2022-05-03 08:07:14','2022-05-03 08:07:14'),(7,'Sonja','Fleet','sfleet6@deliciousdays.com','12345678Mw','12345678Mw','sfleet6','default.png',1,0,'2022-05-03 08:07:14','2022-05-03 08:07:14'),(8,'Elyssa','Haberjam','ehaberjam7@bloomberg.com','12345678Mw','12345678Mw','ehaberjam7','default.png',1,0,'2022-05-03 08:07:14','2022-05-03 08:07:14'),(9,'Tate','De Launde','tdelaunde8@goo.ne.jp','12345678Mw','12345678Mw','tdelaunde8','default.png',1,0,'2022-05-03 08:07:14','2022-05-03 08:07:14'),(10,'Jordanna','Strelitz','jstrelitz9@fema.gov','12345678Mw','12345678Mw','jstrelitz9','default.png',1,0,'2022-05-03 08:07:14','2022-05-03 08:07:14'),(11,'Dewie','Stocker','dstockera@loc.gov','12345678Mw','12345678Mw','dstockera','default.png',1,0,'2022-05-03 08:07:14','2022-05-03 08:07:14'),(12,'Amandi','Hopkins','ahopkinsb@csmonitor.com','12345678Mw','12345678Mw','ahopkinsb','default.png',1,0,'2022-05-03 08:07:14','2022-05-03 08:07:14'),(13,'Ruperta','Giovanetti','rgiovanettic@paypal.com','12345678Mw','12345678Mw','rgiovanettic','default.png',1,0,'2022-05-03 08:07:14','2022-05-03 08:07:14'),(14,'Dorree','Muckian','dmuckiand@artisteer.com','12345678Mw','12345678Mw','dmuckiand','default.png',1,0,'2022-05-03 08:07:14','2022-05-03 08:07:14'),(15,'Hal','Barwick','hbarwicke@jigsy.com','12345678Mw','12345678Mw','hbarwicke','default.png',1,0,'2022-05-03 08:07:14','2022-05-03 08:07:14'),(16,'Alexandro','Addey','aaddeyf@ed.gov','12345678Mw','12345678Mw','aaddeyf','default.png',1,0,'2022-05-03 08:07:14','2022-05-03 08:07:14'),(17,'Corby','Gherardi','cgherardig@yolasite.com','12345678Mw','12345678Mw','cgherardig','default.png',1,0,'2022-05-03 08:07:14','2022-05-03 08:07:14'),(18,'Selestina','Renfrew','srenfrewh@lulu.com','12345678Mw','12345678Mw','srenfrewh','default.png',1,0,'2022-05-03 08:07:14','2022-05-03 08:07:14'),(19,'Joella','Altoft','jaltofti@yale.edu','12345678Mw','12345678Mw','jaltofti','default.png',1,0,'2022-05-03 08:07:14','2022-05-03 08:07:14'),(20,'Arri','Cleugh','acleughj@trellian.com','12345678Mw','12345678Mw','acleughj','default.png',1,0,'2022-05-03 08:07:14','2022-05-03 08:07:14'),(21,'Franny','Matschke','fmatschkek@arizona.edu','12345678Mw','12345678Mw','fmatschkek','default.png',1,0,'2022-05-03 08:07:14','2022-05-03 08:07:14'),(22,'Billye','Dismore','bdismorel@statcounter.com','12345678Mw','12345678Mw','bdismorel','default.png',1,0,'2022-05-03 08:07:14','2022-05-03 08:07:14'),(23,'Arlana','Smeath','asmeathm@earthlink.net','12345678Mw','12345678Mw','asmeathm','default.png',1,0,'2022-05-03 08:07:14','2022-05-03 08:07:14'),(24,'Eddie','Zanneli','ezannelin@google.ca','12345678Mw','12345678Mw','ezannelin','default.png',1,0,'2022-05-03 08:07:14','2022-05-03 08:07:14'),(25,'Dan','Benedettini','dbenedettinio@salon.com','12345678Mw','12345678Mw','dbenedettinio','default.png',1,0,'2022-05-03 08:07:14','2022-05-03 08:07:14'),(26,'Prentiss','Pallatina','ppallatinap@jigsy.com','12345678Mw','12345678Mw','ppallatinap','default.png',1,0,'2022-05-03 08:07:14','2022-05-03 08:07:14'),(27,'Brittany','Fairman','bfairmanq@t-online.de','12345678Mw','12345678Mw','bfairmanq','default.png',1,0,'2022-05-03 08:07:14','2022-05-03 08:07:14'),(28,'Roderic','Bolderson','rboldersonr@jalbum.net','12345678Mw','12345678Mw','rboldersonr','default.png',1,0,'2022-05-03 08:07:14','2022-05-03 08:07:14'),(29,'Hugibert','Timeby','htimebys@acquirethisname.com','12345678Mw','12345678Mw','htimebys','default.png',1,0,'2022-05-03 08:07:14','2022-05-03 08:07:14'),(30,'Bel','Dunbobin','bdunbobint@netvibes.com','12345678Mw','12345678Mw','bdunbobint','default.png',1,0,'2022-05-03 08:07:14','2022-05-03 08:07:14'),(31,'Ayn','Matzel','amatzelu@people.com.cn','12345678Mw','12345678Mw','amatzelu','default.png',1,0,'2022-05-03 08:07:14','2022-05-03 08:07:14'),(32,'Tabb','Heritege','theritegev@foxnews.com','12345678Mw','12345678Mw','theritegev','default.png',1,0,'2022-05-03 08:07:14','2022-05-03 08:07:14'),(33,'Jemmy','Congram','jcongramw@technorati.com','12345678Mw','12345678Mw','jcongramw','default.png',1,0,'2022-05-03 08:07:14','2022-05-03 08:07:14'),(34,'Elliot','Brouard','ebrouardx@noaa.gov','12345678Mw','12345678Mw','ebrouardx','default.png',1,0,'2022-05-03 08:07:14','2022-05-03 08:07:14'),(35,'Fredra','McHugh','fmchughy@e-recht24.de','12345678Mw','12345678Mw','fmchughy','default.png',1,0,'2022-05-03 08:07:14','2022-05-03 08:07:14'),(36,'Etan','Pottery','epotteryz@who.int','12345678Mw','12345678Mw','epotteryz','default.png',1,0,'2022-05-03 08:07:14','2022-05-03 08:07:14'),(37,'Mozes','Dunsmore','mdunsmore10@i2i.jp','12345678Mw','12345678Mw','mdunsmore10','default.png',1,0,'2022-05-03 08:07:14','2022-05-03 08:07:14'),(38,'Naoma','Lawless','nlawless11@mozilla.org','12345678Mw','12345678Mw','nlawless11','default.png',1,0,'2022-05-03 08:07:14','2022-05-03 08:07:14'),(39,'Jeff','Huske','jhuske12@weebly.com','12345678Mw','12345678Mw','jhuske12','default.png',1,0,'2022-05-03 08:07:14','2022-05-03 08:07:14'),(40,'Valry','Fauning','vfauning13@hibu.com','12345678Mw','12345678Mw','vfauning13','default.png',1,0,'2022-05-03 08:07:14','2022-05-03 08:07:14'),(41,'Rogers','Cridge','rcridge14@privacy.gov.au','12345678Mw','12345678Mw','rcridge14','default.png',1,0,'2022-05-03 08:07:14','2022-05-03 08:07:14'),(42,'Scarface','McMorran','smcmorran15@netvibes.com','12345678Mw','12345678Mw','smcmorran15','default.png',1,0,'2022-05-03 08:07:14','2022-05-03 08:07:14'),(43,'Winnie','Bengochea','wbengochea16@adobe.com','12345678Mw','12345678Mw','wbengochea16','default.png',1,0,'2022-05-03 08:07:14','2022-05-03 08:07:14'),(44,'Maribeth','McGuigan','mmcguigan17@odnoklassniki.ru','12345678Mw','12345678Mw','mmcguigan17','default.png',1,0,'2022-05-03 08:07:14','2022-05-03 08:07:14'),(45,'Sandy','Cops','scops18@goo.gl','12345678Mw','12345678Mw','scops18','default.png',1,0,'2022-05-03 08:07:14','2022-05-03 08:07:14'),(46,'Martie','Casham','mcasham19@google.com','12345678Mw','12345678Mw','mcasham19','default.png',1,0,'2022-05-03 08:07:14','2022-05-03 08:07:14'),(47,'Ricca','Mc Meekan','rmcmeekan1a@wunderground.com','12345678Mw','12345678Mw','rmcmeekan1a','default.png',1,0,'2022-05-03 08:07:14','2022-05-03 08:07:14'),(48,'Phineas','Bouzan','pbouzan1b@ycombinator.com','12345678Mw','12345678Mw','pbouzan1b','default.png',1,0,'2022-05-03 08:07:14','2022-05-03 08:07:14'),(49,'Paulie','De Coursey','pdecoursey1c@wix.com','12345678Mw','12345678Mw','pdecoursey1c','default.png',1,0,'2022-05-03 08:07:14','2022-05-03 08:07:14'),(50,'Dionis','Mazzey','dmazzey1d@slashdot.org','12345678Mw','12345678Mw','dmazzey1d','default.png',1,0,'2022-05-03 08:07:14','2022-05-03 08:07:14');
/*!40000 ALTER TABLE `users` ENABLE KEYS */;
UNLOCK TABLES;

--
-- Dumping routines for database 'challenge_full_stack'
--
/*!40103 SET TIME_ZONE=@OLD_TIME_ZONE */;

/*!40101 SET SQL_MODE=@OLD_SQL_MODE */;
/*!40014 SET FOREIGN_KEY_CHECKS=@OLD_FOREIGN_KEY_CHECKS */;
/*!40014 SET UNIQUE_CHECKS=@OLD_UNIQUE_CHECKS */;
/*!40101 SET CHARACTER_SET_CLIENT=@OLD_CHARACTER_SET_CLIENT */;
/*!40101 SET CHARACTER_SET_RESULTS=@OLD_CHARACTER_SET_RESULTS */;
/*!40101 SET COLLATION_CONNECTION=@OLD_COLLATION_CONNECTION */;
/*!40111 SET SQL_NOTES=@OLD_SQL_NOTES */;

-- Dump completed on 2022-05-04  3:10:43
